{"cameraMode":{"drawMode":0,"name":"Shaded","section":"Shading Mode"},"sceneLighting":true,"audioPlay":false,"sceneViewState":{"m_AlwaysRefresh":false,"showFog":true,"showSkybox":true,"showFlares":true,"showImageEffects":true,"showParticleSystems":true,"showVisualEffectGraphs":true,"m_FxEnabled":true},"in2DMode":false,"pivot":{"x":0.7410283088684082,"y":1.1499277353286744,"z":-0.7480399012565613},"rotation":{"x":-0.004807478282600641,"y":-0.029398303478956224,"z":0.00014101543638389558,"w":-0.9995582103729248},"size":6.345958709716797,"orthographic":false}