{"cameraMode":{"drawMode":0,"name":"Shaded","section":"Shading Mode"},"sceneLighting":true,"audioPlay":false,"sceneViewState":{"m_AlwaysRefresh":false,"showFog":true,"showSkybox":true,"showFlares":true,"showImageEffects":true,"showParticleSystems":true,"showVisualEffectGraphs":true,"m_FxEnabled":true},"in2DMode":false,"pivot":{"x":2.317923069000244,"y":0.16531910002231599,"z":-0.2558319568634033},"rotation":{"x":0.10432988405227661,"y":0.5243107676506043,"z":0.06492634117603302,"w":-0.842648446559906},"size":0.7215419411659241,"orthographic":false}